id,Revenue
3001,5279889.5
3002,706171.7
3003,47318730.0
3004,1798353.9
3005,60251.54
3006,32266968.0
3007,6506588.0
3008,20424520.0
3009,10776503.0
3010,334302820.0
3011,191259.8
3012,1877017.5
3013,8069865.0
3014,189843.8
3015,21541304.0
3016,154955.4
3017,45257464.0
3018,71602010.0
3019,37549680.0
3020,758131400.0
3021,91789864.0
3022,55767530.0
3023,6709577.0
3024,33510316.0
3025,1949674.2
3026,108029130.0
3027,6641255.5
3028,65618656.0
3029,367400.28
3030,31606012.0
3031,3346117.8
3032,2534956.8
3033,35052.71
3034,94899.36
3035,2753680.2
3036,1168748.6
3037,50421180.0
3038,44188508.0
3039,7705020.0
3040,2223489.2
3041,19676416.0
3042,1036027.7
3043,6244960.0
3044,2784208.8
3045,572559100.0
3046,650444.75
3047,10470276.0
3048,10555093.0
3049,27672772.0
3050,13816258.0
3051,38874.703
3052,13317005.0
3053,40019.688
3054,2131842.0
3055,50073950.0
3056,62762.96
3057,66947972.0
3058,194836860.0
3059,969911.1
3060,89812810.0
3061,46298384.0
3062,8381055.0
3063,8778530.0
3064,22117304.0
3065,25245608.0
3066,79581270.0
3067,387018.0
3068,29521128.0
3069,224036540.0
3070,9841356.0
3071,3460321.5
3072,515569860.0
3073,1011859.25
3074,760536.3
3075,24360936.0
3076,136858100.0
3077,22086112.0
3078,82332340.0
3079,15634625.0
3080,99391910.0
3081,41554276.0
3082,5581569.5
3083,9600005.0
3084,114155.51
3085,5371706.5
3086,70709400.0
3087,444941.4
3088,253901.83
3089,32700.678
3090,28818140.0
3091,46399164.0
3092,1004475.25
3093,281909340.0
3094,157767460.0
3095,40156508.0
3096,3904933.5
3097,963613760.0
3098,1375652.5
3099,56837840.0
3100,8325458.5
3101,13019439.0
3102,2688593.8
3103,869312.3
3104,2046853.1
3105,62222076.0
3106,26409524.0
3107,16866412.0
3108,2262123.5
3109,31775016.0
3110,398807500.0
3111,4522240.0
3112,964882.1
3113,1370305.0
3114,2032602.4
3115,14155560.0
3116,4080332.2
3117,1368042.1
3118,1093948.2
3119,231761420.0
3120,45774530.0
3121,1707698.1
3122,3283335.5
3123,20673280.0
3124,4470577.5
3125,46486.32
3126,36166804.0
3127,28020608.0
3128,19538044.0
3129,137015840.0
3130,4512099.0
3131,514225.56
3132,1950496.2
3133,1593649.8
3134,17223268.0
3135,1848620.4
3136,5955255.5
3137,58215350.0
3138,344978.0
3139,18959656.0
3140,83279490.0
3141,12059423.0
3142,315326.0
3143,158787840.0
3144,2057107.4
3145,42601824.0
3146,1531030.5
3147,10262829.0
3148,549140.9
3149,34365308.0
3150,79669660.0
3151,557701.94
3152,6234861.5
3153,1263221.1
3154,1962495.5
3155,11747218.0
3156,53137680.0
3157,18407372.0
3158,156822400.0
3159,42130804.0
3160,3817212.2
3161,957073.0
3162,6813229.5
3163,56691350.0
3164,1296906.1
3165,255970.34
3166,12525975.0
3167,68975050.0
3168,1256378.9
3169,127708184.0
3170,10802515.0
3171,33116940.0
3172,26794476.0
3173,124004.68
3174,506918.47
3175,23319752.0
3176,19394800.0
3177,67437930.0
3178,2174081.5
3179,958623.2
3180,1167341.8
3181,70747.88
3182,199852200.0
3183,24533888.0
3184,13135074.0
3185,87337270.0
3186,39665360.0
3187,27094140.0
3188,19033788.0
3189,71412560.0
3190,12919944.0
3191,571547.44
3192,35051260.0
3193,110345290.0
3194,62939320.0
3195,104201.41
3196,3263123.2
3197,14720830.0
3198,81578740.0
3199,180134850.0
3200,11871168.0
3201,557931.75
3202,3023446.8
3203,169910.44
3204,1854940.9
3205,7354250.5
3206,18314780.0
3207,38241456.0
3208,9122884.0
3209,2112479.8
3210,608950340.0
3211,379714.47
3212,26059960.0
3213,42987170.0
3214,1093038.9
3215,2573811.0
3216,7233338.5
3217,376669820.0
3218,16858116.0
3219,691924.25
3220,97692840.0
3221,8341655.5
3222,292179.2
3223,23294724.0
3224,707632.6
3225,2558874.2
3226,838250.44
3227,86358296.0
3228,71160344.0
3229,119166600.0
3230,22526360.0
3231,24662064.0
3232,26411692.0
3233,8753100.0
3234,483762.16
3235,3385215.2
3236,173152.95
3237,20317012.0
3238,898733.6
3239,243850.8
3240,314430820.0
3241,791525.4
3242,6896369.0
3243,3854889.2
3244,108232.664
3245,4644836.0
3246,29979100.0
3247,7233042.0
3248,45985690.0
3249,28303092.0
3250,482224030.0
3251,7836110.5
3252,8115105.5
3253,16961680.0
3254,185397.4
3255,414940.2
3256,18295124.0
3257,20096288.0
3258,32866496.0
3259,30704144.0
3260,256000.38
3261,631187200.0
3262,20326316.0
3263,581886.06
3264,923840.44
3265,48810.91
3266,116335.24
3267,41579804.0
3268,51346.016
3269,31224268.0
3270,45083604.0
3271,710955.25
3272,7178848.5
3273,14233533.0
3274,533608450.0
3275,3935335.0
3276,653939.0
3277,13617684.0
3278,47589810.0
3279,13536112.0
3280,241207580.0
3281,122341.24
3282,2147443.8
3283,478921470.0
3284,17711248.0
3285,30120496.0
3286,2372139.2
3287,904851.75
3288,7846841.5
3289,19183000.0
3290,78122600.0
3291,3305696.2
3292,207636690.0
3293,35799620.0
3294,11375657.0
3295,2210265.2
3296,550993.2
3297,250758.38
3298,68976760.0
3299,413376.9
3300,21189344.0
3301,256134.92
3302,2223640.0
3303,1414785.1
3304,8086513.0
3305,71251610.0
3306,401066.88
3307,44428860.0
3308,18617320.0
3309,1152904.8
3310,5376627.0
3311,14964775.0
3312,7233925.0
3313,64653104.0
3314,29315596.0
3315,130079300.0
3316,5208343.5
3317,552268.94
3318,472398.1
3319,2695489.5
3320,8204713.0
3321,3111067.0
3322,13558800.0
3323,127175120.0
3324,6550569.0
3325,121833736.0
3326,136986580.0
3327,63935960.0
3328,6703731.0
3329,1160570.6
3330,64422910.0
3331,22755232.0
3332,39326816.0
3333,211833740.0
3334,2425192.2
3335,28838704.0
3336,5490666.5
3337,180750.5
3338,10661847.0
3339,10501837.0
3340,62722292.0
3341,8883161.0
3342,45145644.0
3343,22630492.0
3344,467729.62
3345,2380946.8
3346,24106948.0
3347,234221.33
3348,17640820.0
3349,93166904.0
3350,183954510.0
3351,17132216.0
3352,1796396.4
3353,48005068.0
3354,1207208.9
3355,9996716.0
3356,4668190.0
3357,2785627.0
3358,7639600.5
3359,18112628.0
3360,12906496.0
3361,108084776.0
3362,5442314.0
3363,3623945.0
3364,23662328.0
3365,72952.84
3366,95170584.0
3367,71069464.0
3368,3888140.8
3369,18868312.0
3370,30859084.0
3371,19532756.0
3372,25741960.0
3373,35793270.0
3374,4851350.0
3375,101825416.0
3376,10046874.0
3377,2990012.8
3378,15053004.0
3379,106360180.0
3380,37430624.0
3381,2499002.0
3382,1035243.5
3383,1100994.1
3384,11769354.0
3385,62478950.0
3386,1092744.0
3387,4720007.0
3388,97545570.0
3389,814522200.0
3390,4556122.0
3391,5597129.0
3392,5361997.5
3393,1055379.0
3394,86039500.0
3395,80660300.0
3396,6694333.0
3397,87111.125
3398,320946300.0
3399,41770976.0
3400,2033701.8
3401,386042.97
3402,296006.97
3403,78376920.0
3404,20574272.0
3405,13397385.0
3406,130965560.0
3407,158997860.0
3408,42811492.0
3409,3366169.8
3410,19228680.0
3411,93465210.0
3412,17522112.0
3413,35912600.0
3414,288055.9
3415,10509010.0
3416,31281316.0
3417,58995572.0
3418,29956636.0
3419,200662340.0
3420,249554.31
3421,14205652.0
3422,5381382.0
3423,514854460.0
3424,131046.82
3425,2641781.5
3426,54603524.0
3427,22181096.0
3428,1265864.5
3429,23013628.0
3430,696155800.0
3431,548507.06
3432,852556.8
3433,2304229.0
3434,7087307.0
3435,214100750.0
3436,117822984.0
3437,875458.06
3438,9955749.0
3439,49341936.0
3440,15562922.0
3441,81923800.0
3442,886466.44
3443,855588.44
3444,1210410.1
3445,29124820.0
3446,209976.36
3447,1754185.5
3448,30666160.0
3449,3186244.5
3450,47216670.0
3451,28899108.0
3452,12650877.0
3453,28056760.0
3454,52257412.0
3455,2664353.0
3456,77928390.0
3457,33492936.0
3458,35178244.0
3459,438710000.0
3460,55077884.0
3461,2273879.0
3462,32352752.0
3463,47074412.0
3464,161853.4
3465,23090884.0
3466,38349704.0
3467,5904168.5
3468,60755090.0
3469,16617089.0
3470,196760.34
3471,53883444.0
3472,948009.8
3473,42342028.0
3474,7782273.0
3475,214660110.0
3476,21051936.0
3477,13434975.0
3478,14684654.0
3479,193989180.0
3480,10666342.0
3481,236012.89
3482,610010.9
3483,1762264.2
3484,1778321.4
3485,112053470.0
3486,78834350.0
3487,33088212.0
3488,42786104.0
3489,13145600.0
3490,19183000.0
3491,15634625.0
3492,4197720.5
3493,22017048.0
3494,597652.25
3495,112342590.0
3496,10083369.0
3497,46130024.0
3498,20047400.0
3499,3758759.5
3500,159726.28
3501,110880536.0
3502,30969936.0
3503,21552564.0
3504,38505456.0
3505,1338772.6
3506,77694780.0
3507,145784460.0
3508,10672223.0
3509,3387828.0
3510,8279321.5
3511,23826412.0
3512,192036940.0
3513,10333737.0
3514,4731643.5
3515,479094.7
3516,35290612.0
3517,604601100.0
3518,29458132.0
3519,2368441.0
3520,1422659.6
3521,2582401.5
3522,5497263.0
3523,40256816.0
3524,38322724.0
3525,115275740.0
3526,9617526.0
3527,61772490.0
3528,8407857.0
3529,461421020.0
3530,43079750.0
3531,177268400.0
3532,35633536.0
3533,38291160.0
3534,28474140.0
3535,217991460.0
3536,3626510.5
3537,80171944.0
3538,45003270.0
3539,27010708.0
3540,9414181.0
3541,6450703.5
3542,13825326.0
3543,1813070.5
3544,25349104.0
3545,493201.44
3546,1107474.9
3547,130976550.0
3548,214075420.0
3549,4798878.5
3550,146765700.0
3551,151401730.0
3552,48457860.0
3553,90605140.0
3554,138806100.0
3555,138915490.0
3556,19785780.0
3557,6082183.0
3558,117811520.0
3559,20177060.0
3560,857069.9
3561,69103830.0
3562,605731.5
3563,2190516.8
3564,2926024.0
3565,2710766.2
3566,41757276.0
3567,1938929.0
3568,2898890.5
3569,63490940.0
3570,1483100.8
3571,21221540.0
3572,106615480.0
3573,961256.06
3574,9749361.0
3575,2058369.1
3576,11689843.0
3577,11334399.0
3578,60015436.0
3579,16145727.0
3580,140196080.0
3581,17729636.0
3582,62945564.0
3583,256277.38
3584,7291954.5
3585,38122964.0
3586,4117880.0
3587,24872232.0
3588,1098178.6
3589,15339478.0
3590,36485730.0
3591,300673020.0
3592,1595763.8
3593,35976636.0
3594,4878742.5
3595,10234641.0
3596,17975996.0
3597,5865970.5
3598,28889684.0
3599,5735301.0
3600,11778427.0
3601,224949.8
3602,104912.97
3603,12999365.0
3604,3258390.2
3605,33729560.0
3606,7300966.0
3607,18022308.0
3608,78146600.0
3609,364554.7
3610,40235704.0
3611,7911757.0
3612,1869858.5
3613,1473757.1
3614,51679732.0
3615,21812524.0
3616,9603357.0
3617,12634792.0
3618,87971240.0
3619,27766.03
3620,127171480.0
3621,428376500.0
3622,189997040.0
3623,73000030.0
3624,282438.03
3625,3216365.0
3626,21635844.0
3627,13727055.0
3628,312515740.0
3629,747505.25
3630,387679.22
3631,103100600.0
3632,20522224.0
3633,33734772.0
3634,644301.8
3635,240455.17
3636,19513132.0
3637,1818747.4
3638,12666377.0
3639,71957420.0
3640,654269760.0
3641,4640718.5
3642,5640936.5
3643,10248099.0
3644,3375704.8
3645,26586112.0
3646,7751896.0
3647,18157596.0
3648,4259407.5
3649,7494231.0
3650,16020722.0
3651,258808060.0
3652,14630333.0
3653,194049500.0
3654,5893575.5
3655,28182372.0
3656,17116536.0
3657,190661.55
3658,826957.06
3659,68421830.0
3660,319013440.0
3661,3957019.5
3662,12964971.0
3663,414356580.0
3664,64259.39
3665,1061438.2
3666,4382649.5
3667,95914824.0
3668,18777660.0
3669,1527224.4
3670,16564875.0
3671,43135580.0
3672,3074267.8
3673,112620850.0
3674,7433421.5
3675,237648780.0
3676,48088004.0
3677,626860.06
3678,17158968.0
3679,14916302.0
3680,3661655.5
3681,2267045.2
3682,178644080.0
3683,2575370.0
3684,104197000.0
3685,138705010.0
3686,2286515.2
3687,97492370.0
3688,4387994.5
3689,737154.6
3690,61902936.0
3691,510482.28
3692,453473.12
3693,120136750.0
3694,74236070.0
3695,44213124.0
3696,32894716.0
3697,16594094.0
3698,46203816.0
3699,2094849.4
3700,13277035.0
3701,22748768.0
3702,224288.73
3703,70511550.0
3704,39173572.0
3705,16432017.0
3706,58049144.0
3707,194686.23
3708,2670631.2
3709,394259000.0
3710,88716020.0
3711,8241367.0
3712,14006236.0
3713,15386039.0
3714,1470049.9
3715,33355808.0
3716,4179226.2
3717,95587.95
3718,6620147.5
3719,28599600.0
3720,53583972.0
3721,202610.69
3722,27738460.0
3723,1047075.1
3724,6626590.5
3725,26179976.0
3726,5650358.5
3727,65558230.0
3728,82899140.0
3729,3150688.5
3730,67912170.0
3731,151266930.0
3732,7108012.5
3733,170251180.0
3734,218054670.0
3735,3893101.5
3736,16202954.0
3737,11524160.0
3738,440427.5
3739,1631940.0
3740,1610736.9
3741,8707259.0
3742,54836476.0
3743,47391890.0
3744,166974480.0
3745,9685824.0
3746,107526510.0
3747,185018.38
3748,829891.3
3749,2957368.5
3750,448500.4
3751,3676348.0
3752,816966.56
3753,7937748.0
3754,29214060.0
3755,13505475.0
3756,2075750.0
3757,251578000.0
3758,87845320.0
3759,626619.2
3760,145725250.0
3761,39421444.0
3762,241458910.0
3763,7673481.0
3764,7328129.0
3765,1259500.4
3766,484479.62
3767,4534176.0
3768,4089428.5
3769,5292805.5
3770,4367803.5
3771,33716760.0
3772,6906333.5
3773,29461896.0
3774,6131435.5
3775,160581150.0
3776,63329840.0
3777,1236266.1
3778,77814.61
3779,39146830.0
3780,704201.25
3781,24347420.0
3782,1635526.6
3783,9847703.0
3784,1919961.8
3785,174781260.0
3786,2785629.8
3787,155359120.0
3788,418138050.0
3789,14450015.0
3790,689002.56
3791,10588646.0
3792,80528.59
3793,901676.56
3794,172710.8
3795,284521700.0
3796,2553274.8
3797,1078172.0
3798,23469636.0
3799,11258878.0
3800,397846.72
3801,62146404.0
3802,121147.34
3803,8053811.5
3804,568921.3
3805,56218.254
3806,27299404.0
3807,11239675.0
3808,222906.52
3809,15122992.0
3810,16341595.0
3811,39267904.0
3812,2516839.5
3813,23126.453
3814,786627.2
3815,53156332.0
3816,69418240.0
3817,137584380.0
3818,44734636.0
3819,31448464.0
3820,90106560.0
3821,27403428.0
3822,13844431.0
3823,8223890.0
3824,399740.3
3825,102066340.0
3826,40482036.0
3827,50982456.0
3828,2268124.5
3829,53025.027
3830,37684140.0
3831,17821.188
3832,191313810.0
3833,46909584.0
3834,12150112.0
3835,83144.41
3836,1649950.6
3837,17533176.0
3838,1696860.1
3839,3725630.2
3840,22464572.0
3841,1816428.1
3842,1034616.75
3843,29123264.0
3844,3466498.0
3845,88185.14
3846,60890.773
3847,431377.0
3848,872606.56
3849,84529820.0
3850,3187469.2
3851,26612392.0
3852,2000677.6
3853,56420704.0
3854,68856.625
3855,1983333.1
3856,62451904.0
3857,492045600.0
3858,183211.25
3859,11938152.0
3860,12594779.0
3861,17028456.0
3862,21990816.0
3863,41728692.0
3864,26345480.0
3865,74342910.0
3866,5183038.5
3867,29002312.0
3868,2935140.8
3869,53304156.0
3870,130780344.0
3871,514837800.0
3872,2761254.0
3873,8670393.0
3874,733068.2
3875,48422750.0
3876,242699.36
3877,25794108.0
3878,81608770.0
3879,332890270.0
3880,11129895.0
3881,42444.426
3882,62188.945
3883,227671.58
3884,78536744.0
3885,12860986.0
3886,24233724.0
3887,5550612.0
3888,1659325.4
3889,20907560.0
3890,127090500.0
3891,1487511.8
3892,6399368.5
3893,262537460.0
3894,66410384.0
3895,68891160.0
3896,25620924.0
3897,31131620.0
3898,16279189.0
3899,449059780.0
3900,5078085.0
3901,343416.84
3902,124900.3
3903,15651125.0
3904,4530536.5
3905,1908561.0
3906,33989244.0
3907,2375865.8
3908,13725510.0
3909,140732.7
3910,20742480.0
3911,160484.53
3912,9873658.0
3913,64189624.0
3914,23976028.0
3915,266259120.0
3916,158139.34
3917,1414922.8
3918,6222802.5
3919,66216484.0
3920,22635196.0
3921,3066581.2
3922,18737624.0
3923,35473228.0
3924,35828380.0
3925,181443120.0
3926,7895386.0
3927,93541360.0
3928,68797940.0
3929,33122944.0
3930,5196709.0
3931,2663938.8
3932,12563229.0
3933,11183925.0
3934,56921380.0
3935,9423.704
3936,2763901.8
3937,382018140.0
3938,3910594.2
3939,8017563.5
3940,746539.94
3941,4951452.0
3942,154305730.0
3943,628908740.0
3944,14310652.0
3945,35441372.0
3946,2410467.2
3947,56653196.0
3948,8055171.0
3949,19646716.0
3950,399355.47
3951,10241788.0
3952,11993017.0
3953,37661720.0
3954,581167550.0
3955,18000628.0
3956,38708028.0
3957,1005842.2
3958,818287.5
3959,2335919.5
3960,3291731.8
3961,48013130.0
3962,1029589.0
3963,7987867.5
3964,751293800.0
3965,80294670.0
3966,12625759.0
3967,318276220.0
3968,14273062.0
3969,7778852.5
3970,30657272.0
3971,5450365.0
3972,102293384.0
3973,37767750.0
3974,292771.62
3975,60849024.0
3976,35804948.0
3977,103312610.0
3978,151265490.0
3979,2964962.2
3980,1477772.4
3981,187095.98
3982,1226682.8
3983,8599089.0
3984,126796550.0
3985,1150123.1
3986,680563900.0
3987,26338292.0
3988,2508897.8
3989,6330715.5
3990,21364416.0
3991,5192220.5
3992,701556.2
3993,5577142.5
3994,39586076.0
3995,27238032.0
3996,22078740.0
3997,4423072.0
3998,105528050.0
3999,17841616.0
4000,47458190.0
4001,1965181.2
4002,115971976.0
4003,104102.67
4004,50640732.0
4005,334368.56
4006,19484716.0
4007,115651.055
4008,2036079.0
4009,6260040.0
4010,1952651.5
4011,1440440.1
4012,207600660.0
4013,57527904.0
4014,366709.62
4015,40117616.0
4016,6568573.0
4017,5924490.5
4018,77240290.0
4019,322295260.0
4020,4416736.5
4021,57873700.0
4022,26892216.0
4023,232182190.0
4024,25428424.0
4025,181381.12
4026,38831450.0
4027,38283856.0
4028,512001.0
4029,311467.22
4030,21859588.0
4031,45291316.0
4032,625800.44
4033,306100.16
4034,966517.75
4035,74932710.0
4036,6011874.0
4037,37383890.0
4038,625125.2
4039,81613900.0
4040,1221735.0
4041,3055100.8
4042,27960972.0
4043,1304087.1
4044,116611890.0
4045,14876638.0
4046,756088.06
4047,397803170.0
4048,1603294.8
4049,36765.816
4050,1727758.8
4051,433294660.0
4052,5452454.5
4053,1652448.1
4054,536287.56
4055,10824068.0
4056,1802708.5
4057,30326.463
4058,6084306.5
4059,5683005.0
4060,37760044.0
4061,69213060.0
4062,17328312.0
4063,5277956.0
4064,495479300.0
4065,132624900.0
4066,16144619.0
4067,15833289.0
4068,21070292.0
4069,22690004.0
4070,4061011.0
4071,32797736.0
4072,32740608.0
4073,175024800.0
4074,407333.44
4075,4837199.5
4076,16141386.0
4077,190838560.0
4078,538533.9
4079,54792880.0
4080,28090280.0
4081,11166702.0
4082,290858100.0
4083,15334066.0
4084,180709.3
4085,25604460.0
4086,155656910.0
4087,11345365.0
4088,14943183.0
4089,7601025.5
4090,1425533.4
4091,36859100.0
4092,34416604.0
4093,64455610.0
4094,1271778.0
4095,127162024.0
4096,18952208.0
4097,28538788.0
4098,5438957.0
4099,175438.64
4100,35646384.0
4101,29691780.0
4102,424492.72
4103,24155504.0
4104,2126568.5
4105,4457354.5
4106,1011064.44
4107,273171.7
4108,8468703.0
4109,2432426.0
4110,14668781.0
4111,3314342.5
4112,2093948.5
4113,2420917.2
4114,194627000.0
4115,1543232.8
4116,9705389.0
4117,3224685.2
4118,35140756.0
4119,16403896.0
4120,1525575.0
4121,2137279.2
4122,191561730.0
4123,4960224.0
4124,39949704.0
4125,9668879.0
4126,1502782.8
4127,6569481.5
4128,39010280.0
4129,4479561.0
4130,6488320.5
4131,65780430.0
4132,87959660.0
4133,29312912.0
4134,3662155.0
4135,7670342.0
4136,403276160.0
4137,3878068.0
4138,21068284.0
4139,1670245.4
4140,779952.75
4141,631357.4
4142,21823056.0
4143,31026520.0
4144,1372740.5
4145,2660894.5
4146,672943.6
4147,2593268.0
4148,14073236.0
4149,3979601.5
4150,301731.8
4151,2575443.8
4152,8567484.0
4153,19652336.0
4154,756824.6
4155,7606050.5
4156,831390.9
4157,887759.2
4158,18612280.0
4159,48099930.0
4160,289206270.0
4161,22879920.0
4162,16685372.0
4163,93178280.0
4164,11419157.0
4165,5631374.5
4166,1146890.9
4167,8677705.0
4168,661086.75
4169,6028937.5
4170,8461034.0
4171,112690260.0
4172,51445570.0
4173,1361315.0
4174,4966652.0
4175,7953243.5
4176,10173470.0
4177,275094.53
4178,508451680.0
4179,761038.4
4180,55264456.0
4181,26360204.0
4182,2092259.8
4183,18570616.0
4184,7871943.5
4185,1057270.9
4186,21732832.0
4187,25184576.0
4188,17589248.0
4189,4089019.0
4190,46943.957
4191,960088.9
4192,141988.88
4193,121650530.0
4194,139449870.0
4195,32532944.0
4196,21352724.0
4197,19811688.0
4198,544612.4
4199,2668403.8
4200,81227990.0
4201,42272790.0
4202,20462108.0
4203,6990302.5
4204,32840992.0
4205,1172483.0
4206,2561904.2
4207,457624200.0
4208,755393200.0
4209,15844014.0
4210,83932820.0
4211,24563056.0
4212,199498380.0
4213,660834.6
4214,24818776.0
4215,1524222.5
4216,1118656.6
4217,3492054.0
4218,26686960.0
4219,18982596.0
4220,28261608.0
4221,212831.75
4222,2619741.0
4223,95595210.0
4224,7897125.5
4225,21815064.0
4226,59521256.0
4227,9984673.0
4228,118452.164
4229,47122292.0
4230,16731869.0
4231,1902799.9
4232,10110080.0
4233,98090540.0
4234,22107184.0
4235,5123191.5
4236,5725502.5
4237,519680.12
4238,37123684.0
4239,69328530.0
4240,185013650.0
4241,81265496.0
4242,1656455.8
4243,188410.78
4244,80345540.0
4245,3806325.0
4246,791433.25
4247,52707870.0
4248,399229.44
4249,16754160.0
4250,20959944.0
4251,2347794.2
4252,35605612.0
4253,110573880.0
4254,49938516.0
4255,60547090.0
4256,305788000.0
4257,82057510.0
4258,4597916.5
4259,1437971.0
4260,170742560.0
4261,426751.2
4262,2374896.2
4263,1633092.1
4264,315931330.0
4265,35756290.0
4266,17109584.0
4267,9824027.0
4268,1837673.0
4269,10218802.0
4270,690656600.0
4271,113788104.0
4272,166605.31
4273,70819540.0
4274,25003604.0
4275,14085293.0
4276,26941656.0
4277,40952740.0
4278,17593508.0
4279,28436528.0
4280,179843.83
4281,6574859.0
4282,41982320.0
4283,92797.41
4284,5479723.0
4285,40452.8
4286,408366980.0
4287,15161404.0
4288,28233000.0
4289,81930830.0
4290,63531156.0
4291,3736529.0
4292,345502.5
4293,2017919.6
4294,99501930.0
4295,91770260.0
4296,5959903.0
4297,85040520.0
4298,1847675.6
4299,52355780.0
4300,28233644.0
4301,7004156.0
4302,2893203.8
4303,329819.72
4304,8381102.5
4305,22346412.0
4306,17306416.0
4307,125291.125
4308,196183.06
4309,37923744.0
4310,3310640.0
4311,1807106.4
4312,45856584.0
4313,128061624.0
4314,7485359.5
4315,159919100.0
4316,179479470.0
4317,815882.0
4318,33462416.0
4319,5050878.5
4320,10428979.0
4321,29631752.0
4322,2671105.0
4323,1456059.5
4324,1531321.0
4325,1511830.2
4326,37814244.0
4327,34336216.0
4328,1602849.9
4329,442581.2
4330,452277200.0
4331,29881140.0
4332,61777670.0
4333,853820.44
4334,22185328.0
4335,87807630.0
4336,14271700.0
4337,99584.41
4338,172761810.0
4339,32080168.0
4340,6345300.5
4341,7991525.0
4342,3946222.5
4343,37079030.0
4344,275295.3
4345,6583743.5
4346,49460850.0
4347,49101220.0
4348,646560.8
4349,126758344.0
4350,1884651.5
4351,239918260.0
4352,1093769.9
4353,42919904.0
4354,11591971.0
4355,6357190.5
4356,15074179.0
4357,10244875.0
4358,4917766.5
4359,19716952.0
4360,42577860.0
4361,68759496.0
4362,3296884.0
4363,40629704.0
4364,47116360.0
4365,7846101.0
4366,16588208.0
4367,29994312.0
4368,22908348.0
4369,17244272.0
4370,68745070.0
4371,3292312.5
4372,6037867.5
4373,23832048.0
4374,12436370.0
4375,7048999.5
4376,66919.36
4377,32691624.0
4378,36372332.0
4379,39087370.0
4380,68632664.0
4381,83789180.0
4382,422158460.0
4383,153237540.0
4384,13599826.0
4385,643935.7
4386,89397840.0
4387,39683976.0
4388,1078645.1
4389,123041320.0
4390,4229990.0
4391,746980.06
4392,71353470.0
4393,48535932.0
4394,18007704.0
4395,6907842.0
4396,38223150.0
4397,43647050.0
4398,78463530.0
4399,532756.44
4400,2061298.1
4401,142855440.0
4402,2635508.0
4403,10176381.0
4404,33711870.0
4405,1438601.9
4406,316355.84
4407,505436.0
4408,1207936.6
4409,270009.22
4410,869118.4
4411,4220987.5
4412,50287104.0
4413,21826636.0
4414,4425612.0
4415,18689224.0
4416,3085129.0
4417,117209500.0
4418,1268174.9
4419,27659000.0
4420,280755140.0
4421,4299673.0
4422,1315654.6
4423,4510843.0
4424,442208.66
4425,5908894.5
4426,9157751.0
4427,14289242.0
4428,1615239.4
4429,361583.2
4430,95689.65
4431,389746.66
4432,202648910.0
4433,132953390.0
4434,143579600.0
4435,11737565.0
4436,32330852.0
4437,1496959.8
4438,7856299.0
4439,6080831.5
4440,484821.2
4441,25037680.0
4442,259027.17
4443,226523.72
4444,1311705.8
4445,12012476.0
4446,4495087.0
4447,80035200.0
4448,35060420.0
4449,17736536.0
4450,104566320.0
4451,466578800.0
4452,28803136.0
4453,529998.7
4454,81018.984
4455,201148.06
4456,42790590.0
4457,621741.0
4458,5701505.5
4459,15231693.0
4460,1870855.5
4461,48984668.0
4462,51899024.0
4463,1614681.9
4464,53714030.0
4465,8766817.0
4466,282369.62
4467,7137160.0
4468,1302634.1
4469,9039898.0
4470,41312770.0
4471,3936806.5
4472,81084660.0
4473,16062364.0
4474,7131295.0
4475,2689070.8
4476,328360.34
4477,22628288.0
4478,615351.4
4479,263350.78
4480,39780600.0
4481,1134629.1
4482,3303118.5
4483,2066427.4
4484,528546.0
4485,13183943.0
4486,2218475.8
4487,1800684.4
4488,53807856.0
4489,45290624.0
4490,160956.62
4491,77894660.0
4492,20177484.0
4493,5306532.5
4494,23675604.0
4495,2485964.0
4496,26945716.0
4497,27492168.0
4498,24029088.0
4499,170977.25
4500,50341036.0
4501,126304870.0
4502,5815699.0
4503,327333820.0
4504,4802330.5
4505,653955.25
4506,41991212.0
4507,262841.94
4508,1554191.8
4509,628999.75
4510,17354244.0
4511,107646760.0
4512,895075.3
4513,68951240.0
4514,6062291.0
4515,264570820.0
4516,803993.94
4517,7659772.0
4518,206312240.0
4519,40394492.0
4520,4264650.5
4521,6324246.5
4522,67625210.0
4523,1961661.0
4524,22332136.0
4525,44820130.0
4526,8333704.0
4527,3837513.8
4528,1327314.5
4529,5275389.5
4530,1310702.9
4531,3357603.0
4532,4050131.2
4533,14040526.0
4534,934816.8
4535,76622100.0
4536,9020779.0
4537,2144758.5
4538,13529401.0
4539,4370829.0
4540,77822340.0
4541,6346250.5
4542,70936744.0
4543,21076884.0
4544,8980093.0
4545,204711.44
4546,219001.98
4547,158882.78
4548,1710937.1
4549,508569.2
4550,56737004.0
4551,1036371200.0
4552,54177356.0
4553,3022060.2
4554,289098720.0
4555,1300997.9
4556,28052588.0
4557,18655284.0
4558,1214218.5
4559,41096484.0
4560,77436470.0
4561,32095224.0
4562,1314943.4
4563,86081360.0
4564,30576.6
4565,6152903.5
4566,18731980.0
4567,61054332.0
4568,9061649.0
4569,4154319.0
4570,4668818.0
4571,327334.2
4572,9821273.0
4573,12301496.0
4574,238367.19
4575,762353.2
4576,4266863.5
4577,18781672.0
4578,15195653.0
4579,1722609.0
4580,23436980.0
4581,14991172.0
4582,53079740.0
4583,150314370.0
4584,1435362.2
4585,125145430.0
4586,25467888.0
4587,17892532.0
4588,176143700.0
4589,1066268.6
4590,999165700.0
4591,39430692.0
4592,5575632.5
4593,204370.66
4594,35235188.0
4595,296653060.0
4596,230826610.0
4597,3629700.5
4598,142565010.0
4599,1824139.1
4600,3506728.0
4601,35377010.0
4602,19347804.0
4603,15193276.0
4604,19750340.0
4605,110116330.0
4606,106518120.0
4607,29146604.0
4608,15791729.0
4609,8749203.0
4610,182026160.0
4611,17683536.0
4612,10885703.0
4613,27017300.0
4614,32946896.0
4615,3690877.5
4616,128646.03
4617,24772428.0
4618,1547602.6
4619,1082233.0
4620,3362371.0
4621,178584110.0
4622,13139534.0
4623,1956077.2
4624,24751.105
4625,3609999.2
4626,10046644.0
4627,12822800.0
4628,9091877.0
4629,5210316.0
4630,7480585.5
4631,6110537.5
4632,999068.8
4633,195711.6
4634,749736.4
4635,181851.02
4636,76487760.0
4637,2603368.0
4638,427935.9
4639,85454.26
4640,36431348.0
4641,4441734.5
4642,12123884.0
4643,73742850.0
4644,1143967.8
4645,372874.03
4646,690190400.0
4647,168990.45
4648,1400647.4
4649,58042612.0
4650,73299580.0
4651,47269470.0
4652,43930096.0
4653,647120.94
4654,24007972.0
4655,76880620.0
4656,382930.28
4657,2516366.8
4658,27690408.0
4659,6066038.5
4660,8396151.0
4661,12797731.0
4662,6693082.0
4663,30006788.0
4664,2213366.0
4665,16315465.0
4666,7804012.0
4667,70887380.0
4668,3609145.5
4669,2306667.2
4670,68844136.0
4671,3462394.5
4672,916716.56
4673,10063963.0
4674,1685316.1
4675,1665716.6
4676,6186312.0
4677,199482.05
4678,2282308.5
4679,28101.002
4680,729266.5
4681,18152196.0
4682,5969101.0
4683,12487283.0
4684,2770790.0
4685,17110856.0
4686,1495919.4
4687,2276115.8
4688,89519670.0
4689,38515372.0
4690,5881201.0
4691,6576452.0
4692,43113948.0
4693,935771.25
4694,25647764.0
4695,17915856.0
4696,50705390.0
4697,100343176.0
4698,1630342.5
4699,5966113.0
4700,109553840.0
4701,162487060.0
4702,2385285.2
4703,37010424.0
4704,41287560.0
4705,60074076.0
4706,24323656.0
4707,186257.45
4708,15308467.0
4709,12576.453
4710,228532400.0
4711,2435996.2
4712,1462143.2
4713,194977760.0
4714,2985416.8
4715,43504.77
4716,728185.9
4717,3507172.8
4718,2610286.8
4719,74984320.0
4720,1706010.1
4721,606856.7
4722,75132500.0
4723,8453154.0
4724,85102664.0
4725,13433489.0
4726,14123710.0
4727,2249772.0
4728,17168100.0
4729,55060450.0
4730,294665.72
4731,47260280.0
4732,392269020.0
4733,740003.75
4734,215428350.0
4735,11525809.0
4736,18534484.0
4737,33034048.0
4738,10727080.0
4739,70252600.0
4740,317209570.0
4741,315070.2
4742,96145610.0
4743,774767.75
4744,249655.72
4745,357783420.0
4746,30664640.0
4747,8734655.0
4748,55389612.0
4749,1582854.8
4750,2516282.8
4751,15202523.0
4752,10746166.0
4753,3645801.2
4754,610296770.0
4755,5642895.0
4756,51037330.0
4757,123288690.0
4758,126138510.0
4759,415078800.0
4760,5732681.5
4761,6777825.0
4762,11091283.0
4763,11924679.0
4764,326781120.0
4765,11200020.0
4766,113493976.0
4767,34570160.0
4768,37572680.0
4769,9195979.0
4770,87817010.0
4771,47020660.0
4772,1542523.5
4773,2188013.5
4774,7231117.5
4775,603729.1
4776,3867519.8
4777,263440860.0
4778,34609480.0
4779,1181833.2
4780,241394430.0
4781,46707.05
4782,33197068.0
4783,2008031.1
4784,1561599.6
4785,5484308.0
4786,47565580.0
4787,100647560.0
4788,294062.16
4789,982255.2
4790,75498810.0
4791,14271646.0
4792,8254196.0
4793,2946488.0
4794,2203757.2
4795,35065770.0
4796,4216694.5
4797,852066560.0
4798,82361390.0
4799,54157624.0
4800,24680744.0
4801,116333.46
4802,23983348.0
4803,713831.1
4804,20853592.0
4805,34288.6
4806,1793051.9
4807,1573994.5
4808,1534803.6
4809,88761210.0
4810,147068.1
4811,8389019.0
4812,68720560.0
4813,28249480.0
4814,390077.6
4815,33501308.0
4816,9354576.0
4817,4577423.5
4818,14832269.0
4819,2625428.5
4820,32940172.0
4821,2109494.2
4822,1554117.6
4823,4044256.8
4824,27789136.0
4825,95761270.0
4826,2391588.0
4827,45060908.0
4828,9545740.0
4829,4888854.0
4830,1707963.6
4831,40644740.0
4832,7054944.5
4833,18187024.0
4834,13294850.0
4835,5751771.5
4836,2008745.5
4837,304485470.0
4838,31021960.0
4839,32356.887
4840,434189800.0
4841,44635.21
4842,70736104.0
4843,82403976.0
4844,361480.44
4845,28187960.0
4846,2488414.2
4847,395929700.0
4848,46053452.0
4849,213528180.0
4850,25434732.0
4851,52873.99
4852,7896432.5
4853,18543220.0
4854,18398176.0
4855,71768540.0
4856,13346095.0
4857,10847339.0
4858,7531732.0
4859,27503076.0
4860,447414850.0
4861,115370110.0
4862,106340296.0
4863,225258130.0
4864,18796544.0
4865,30182548.0
4866,13107969.0
4867,65151110.0
4868,456344.25
4869,224617.75
4870,536187.3
4871,36631532.0
4872,662935.3
4873,1071954.9
4874,91698870.0
4875,25863520.0
4876,35194890.0
4877,11698787.0
4878,48759828.0
4879,7041870.5
4880,17292028.0
4881,3633960.8
4882,11760064.0
4883,28216096.0
4884,81420024.0
4885,18440932.0
4886,18137208.0
4887,176162.6
4888,1450939.0
4889,6637146.5
4890,95846250.0
4891,2048772.9
4892,3962759.8
4893,90132510.0
4894,5217187.5
4895,7273494.0
4896,76641390.0
4897,1169281.6
4898,149972430.0
4899,39182016.0
4900,94707200.0
4901,40893890.0
4902,263229.5
4903,496779.2
4904,266566540.0
4905,8244763.0
4906,46486.586
4907,912004100.0
4908,5928729.5
4909,64948130.0
4910,22746424.0
4911,13267972.0
4912,13961640.0
4913,16975692.0
4914,28888196.0
4915,39777716.0
4916,9297548.0
4917,6875224.0
4918,156120460.0
4919,30663704.0
4920,30346952.0
4921,69541624.0
4922,149739780.0
4923,762268.1
4924,33126356.0
4925,81032090.0
4926,8192679.5
4927,65926636.0
4928,3072166.5
4929,21382068.0
4930,21183160.0
4931,5253470.0
4932,6218027.0
4933,89449180.0
4934,3314766.0
4935,633656400.0
4936,14866313.0
4937,520340.2
4938,20031384.0
4939,1531468.5
4940,820086.7
4941,6668953.0
4942,1266109.6
4943,16951004.0
4944,53589696.0
4945,2408881.5
4946,7620593.5
4947,843285.06
4948,671488.4
4949,9961276.0
4950,32895720.0
4951,53669996.0
4952,8003866.0
4953,32933388.0
4954,22334312.0
4955,1333012.8
4956,1093977.5
4957,45600420.0
4958,2173704.2
4959,5016047.5
4960,4566836.5
4961,81493350.0
4962,14154912.0
4963,7897374.0
4964,2584525.2
4965,1654684.2
4966,920610.0
4967,32028752.0
4968,5972677.0
4969,53497.875
4970,675644.5
4971,36859804.0
4972,1199058.9
4973,1526510.8
4974,96305830.0
4975,1883819.5
4976,271617.97
4977,38175212.0
4978,3417647.0
4979,1263988.8
4980,25674732.0
4981,18810784.0
4982,95607970.0
4983,198008.02
4984,37616204.0
4985,288996740.0
4986,813191.1
4987,28778424.0
4988,536608.3
4989,35100430.0
4990,564272.7
4991,5702403.0
4992,194487120.0
4993,25257984.0
4994,72573130.0
4995,102231.08
4996,6407949.0
4997,50866970.0
4998,15818076.0
4999,49530520.0
5000,108597050.0
5001,152189230.0
5002,74618370.0
5003,72932390.0
5004,12508260.0
5005,14720605.0
5006,252995600.0
5007,26499388.0
5008,257969740.0
5009,19287856.0
5010,1406739.6
5011,4566862.5
5012,35517708.0
5013,18013580.0
5014,18697176.0
5015,38508468.0
5016,95243580.0
5017,3019265.8
5018,3586441.8
5019,61589900.0
5020,33983470.0
5021,716254.7
5022,22323832.0
5023,46777260.0
5024,64014420.0
5025,626229.7
5026,86790930.0
5027,32617132.0
5028,81580290.0
5029,12385499.0
5030,18070840.0
5031,5428034.0
5032,117067624.0
5033,979250.94
5034,8136610.0
5035,340901.0
5036,10624049.0
5037,14470148.0
5038,308104030.0
5039,910559.06
5040,21134892.0
5041,16857856.0
5042,20064424.0
5043,5542815.0
5044,92798370.0
5045,3209633.2
5046,1993716.0
5047,759243.5
5048,2415741.8
5049,48889550.0
5050,556769.25
5051,187369570.0
5052,157251330.0
5053,8357501.0
5054,39349400.0
5055,7681601.0
5056,26353620.0
5057,3710355.0
5058,8832038.0
5059,20813976.0
5060,80359330.0
5061,24980344.0
5062,6019940.5
5063,743156.6
5064,43961444.0
5065,2901266.2
5066,4777344.0
5067,37024120.0
5068,9854223.0
5069,107475250.0
5070,3481287.2
5071,122963190.0
5072,40419230.0
5073,13268377.0
5074,695571.7
5075,498649.8
5076,19166284.0
5077,105941070.0
5078,3384873.0
5079,1592045.6
5080,111808380.0
5081,36673970.0
5082,10831379.0
5083,271744.4
5084,16471554.0
5085,1717763.0
5086,4658566.0
5087,4311914.0
5088,3267349.0
5089,14512770.0
5090,2955623.2
5091,1900094.4
5092,24519012.0
5093,34870880.0
5094,63394012.0
5095,84650184.0
5096,17160768.0
5097,636777.25
5098,2203475.5
5099,1367377.0
5100,2009257.1
5101,320711.97
5102,241428.98
5103,119470.49
5104,31164948.0
5105,518582.53
5106,1057596.6
5107,53183710.0
5108,18415944.0
5109,128976.484
5110,35874604.0
5111,125210616.0
5112,2496234.2
5113,313513.7
5114,17037356.0
5115,231815.33
5116,8172320.5
5117,309590850.0
5118,14688744.0
5119,56321.504
5120,373097.4
5121,36754500.0
5122,29350564.0
5123,24200512.0
5124,1085070.8
5125,7963816.5
5126,14044704.0
5127,11612817.0
5128,141696.56
5129,1354547.1
5130,71483840.0
5131,14659607.0
5132,27295864.0
5133,160227170.0
5134,48198564.0
5135,139130270.0
5136,1686518.8
5137,67344350.0
5138,17904856.0
5139,174824940.0
5140,143256540.0
5141,33646544.0
5142,164755540.0
5143,43855000.0
5144,39162140.0
5145,12653676.0
5146,1680720.9
5147,1591068.1
5148,11224186.0
5149,1100665.6
5150,344037570.0
5151,126273790.0
5152,86039830.0
5153,25091464.0
5154,16623144.0
5155,710564.1
5156,614314300.0
5157,1605485.8
5158,1939014.0
5159,73064940.0
5160,15349283.0
5161,15241399.0
5162,50279624.0
5163,279473400.0
5164,2871444.2
5165,24448588.0
5166,42225090.0
5167,762388.8
5168,13376855.0
5169,35275400.0
5170,8989862.0
5171,39240500.0
5172,16425906.0
5173,80285330.0
5174,91362620.0
5175,1511030.2
5176,1306740.1
5177,52040972.0
5178,427437120.0
5179,1630776.2
5180,9041105.0
5181,2690142.8
5182,10369197.0
5183,4462705.5
5184,2926171.8
5185,7070760.0
5186,3050564.8
5187,332241.75
5188,13362142.0
5189,11207927.0
5190,271058370.0
5191,1933738.1
5192,68545930.0
5193,81810130.0
5194,39758904.0
5195,203396660.0
5196,42165130.0
5197,37530064.0
5198,21543892.0
5199,7458588.0
5200,7290341.5
5201,10312787.0
5202,2590017.8
5203,497339.0
5204,220996.42
5205,3123598.0
5206,26945612.0
5207,4264252.0
5208,1222531.0
5209,71652696.0
5210,15888136.0
5211,944141.9
5212,6571116.5
5213,42115456.0
5214,396440.8
5215,6182602.0
5216,17704324.0
5217,593082.1
5218,4817100.5
5219,662178.3
5220,28941580.0
5221,324757.44
5222,8435719.0
5223,60384936.0
5224,10045.496
5225,345153.4
5226,25116360.0
5227,5522733.0
5228,14299766.0
5229,108540720.0
5230,4143959.8
5231,3110616.0
5232,806113.7
5233,6096091.0
5234,50195108.0
5235,29282736.0
5236,140028780.0
5237,89889070.0
5238,890042.06
5239,7987403.0
5240,69140090.0
5241,13103495.0
5242,2238822.2
5243,2606562.8
5244,109908800.0
5245,785550.7
5246,13282354.0
5247,44596708.0
5248,283269.16
5249,34801450.0
5250,201264110.0
5251,21553304.0
5252,265689.53
5253,1709909.5
5254,147172.2
5255,43542612.0
5256,47591988.0
5257,796852.1
5258,808671.6
5259,73459840.0
5260,18767636.0
5261,19158612.0
5262,14856562.0
5263,42843024.0
5264,204986.89
5265,3579655.5
5266,52549468.0
5267,5075717.0
5268,10628264.0
5269,50882684.0
5270,94606456.0
5271,20123292.0
5272,75558020.0
5273,97275.84
5274,16690433.0
5275,81399060.0
5276,10502939.0
5277,293689.12
5278,2669819.0
5279,9130926.0
5280,1482946.6
5281,11243727.0
5282,73832640.0
5283,397195.78
5284,1906090.9
5285,36996732.0
5286,19780800.0
5287,12545174.0
5288,1527592.9
5289,39394760.0
5290,45333492.0
5291,541057150.0
5292,106857140.0
5293,145017100.0
5294,1016297.25
5295,451732300.0
5296,3612413.2
5297,73079990.0
5298,117491750.0
5299,1160878.2
5300,890014.06
5301,834942.56
5302,58949344.0
5303,1232073.6
5304,3342293.8
5305,1335769.2
5306,89554000.0
5307,133422850.0
5308,225440.97
5309,4583504.0
5310,47105850.0
5311,524210.28
5312,117592856.0
5313,526455040.0
5314,76160504.0
5315,1066605.2
5316,15065958.0
5317,88950010.0
5318,15279617.0
5319,1557061.0
5320,10844505.0
5321,16398234.0
5322,88966.35
5323,68120380.0
5324,46524736.0
5325,1396179.6
5326,3037092.8
5327,55034828.0
5328,1821588.9
5329,1747794.9
5330,90750250.0
5331,7883159.5
5332,26280132.0
5333,38515372.0
5334,28533616.0
5335,2810081.5
5336,1035954.6
5337,1106753.8
5338,21923808.0
5339,2864366.0
5340,129273960.0
5341,123275050.0
5342,87992550.0
5343,8234767.5
5344,87651510.0
5345,722265.5
5346,94295160.0
5347,19956.941
5348,8883076.0
5349,101513.21
5350,421858.22
5351,85465250.0
5352,1812973.8
5353,9602148.0
5354,58784964.0
5355,55391200.0
5356,39986604.0
5357,1010369.44
5358,704501.5
5359,34075772.0
5360,123167880.0
5361,12521389.0
5362,1849518.0
5363,7700142.5
5364,273619.62
5365,57248348.0
5366,88141880.0
5367,72637384.0
5368,2371202.8
5369,420906620.0
5370,14691013.0
5371,16314034.0
5372,344625380.0
5373,3350514.8
5374,62248428.0
5375,55739776.0
5376,85852950.0
5377,15373161.0
5378,1110338.6
5379,2711585.8
5380,36428776.0
5381,32580572.0
5382,62562904.0
5383,75135.11
5384,276399780.0
5385,26559960.0
5386,25798928.0
5387,2096722.1
5388,226249360.0
5389,28857412.0
5390,56541684.0
5391,17326924.0
5392,1529696.5
5393,23859288.0
5394,22651304.0
5395,13966168.0
5396,65478130.0
5397,1656131.9
5398,9446792.0
5399,2841766.2
5400,2278570.0
5401,60080492.0
5402,25886768.0
5403,13445845.0
5404,272941.75
5405,9374081.0
5406,924141.75
5407,198833970.0
5408,390203460.0
5409,88337460.0
5410,1397562.5
5411,26126252.0
5412,63514.13
5413,775546.94
5414,61768720.0
5415,80125010.0
5416,18435344.0
5417,55766892.0
5418,225311.8
5419,874444.25
5420,27873700.0
5421,60935784.0
5422,39262290.0
5423,194749180.0
5424,166722750.0
5425,5173404.0
5426,15007479.0
5427,3130462.8
5428,8019903.5
5429,88260490.0
5430,200875620.0
5431,11751813.0
5432,65543350.0
5433,24864592.0
5434,57903290.0
5435,11215326.0
5436,7510522.5
5437,54536492.0
5438,860069.94
5439,367680.7
5440,59437304.0
5441,431459.28
5442,164021840.0
5443,70768900.0
5444,26803676.0
5445,22086744.0
5446,51604776.0
5447,816996.94
5448,9067354.0
5449,91784610.0
5450,1977889.5
5451,1387340.0
5452,3048805.2
5453,202081140.0
5454,94874080.0
5455,6839954.0
5456,10764711.0
5457,47478200.0
5458,4239812.5
5459,14793703.0
5460,217091.6
5461,32558.186
5462,170282.89
5463,392347600.0
5464,235472.86
5465,20522224.0
5466,21709676.0
5467,14951023.0
5468,124767910.0
5469,81892.13
5470,217886700.0
5471,41357944.0
5472,43886212.0
5473,7704564.5
5474,9378659.0
5475,9381557.0
5476,7584038.5
5477,7597170.0
5478,32474544.0
5479,55267936.0
5480,1469186.5
5481,1250896.0
5482,11120367.0
5483,19717516.0
5484,73797304.0
5485,4930615.0
5486,1770543.9
5487,330265660.0
5488,45310412.0
5489,29565136.0
5490,17837396.0
5491,4073318.2
5492,9839217.0
5493,2199128.0
5494,94754.84
5495,4531941.0
5496,27713976.0
5497,6084515.0
5498,269714.8
5499,69152750.0
5500,12589255.0
5501,24341292.0
5502,1070167.4
5503,5499297.5
5504,1783096.8
5505,1023530.0
5506,201396600.0
5507,4887805.0
5508,72785090.0
5509,109152120.0
5510,6855444.5
5511,3712032.8
5512,104056190.0
5513,223898.5
5514,6659896.0
5515,393687.8
5516,3132532.5
5517,244168660.0
5518,1289303.5
5519,135409740.0
5520,351194.16
5521,13897212.0
5522,44150.496
5523,361122270.0
5524,302330370.0
5525,43947444.0
5526,5961944.0
5527,169522.31
5528,57963180.0
5529,633825.44
5530,280719780.0
5531,1284281.9
5532,5292290.5
5533,90038870.0
5534,276197950.0
5535,483019.94
5536,336826.56
5537,13264328.0
5538,1386279.2
5539,190882610.0
5540,30920004.0
5541,174437900.0
5542,297848.44
5543,10063483.0
5544,28412240.0
5545,1305737.4
5546,4312773.5
5547,13558463.0
5548,2028377.0
5549,50756190.0
5550,14457982.0
5551,9043795.0
5552,17279864.0
5553,12966158.0
5554,1808973.8
5555,28912892.0
5556,3090854.0
5557,1232784.6
5558,471186340.0
5559,2197000.2
5560,293886.94
5561,5213527.0
5562,43459140.0
5563,45765.164
5564,209230.56
5565,10894510.0
5566,14981110.0
5567,17401312.0
5568,1280489.4
5569,29710420.0
5570,22177080.0
5571,75910340.0
5572,1057248.8
5573,139621280.0
5574,58191484.0
5575,110039900.0
5576,29591596.0
5577,18023784.0
5578,49727884.0
5579,1817587.4
5580,1761370.4
5581,5380304.5
5582,17366396.0
5583,36499580.0
5584,11744104.0
5585,11309759.0
5586,627311.56
5587,12992028.0
5588,124855520.0
5589,63132052.0
5590,267880.12
5591,1169371.9
5592,5525161.5
5593,5244920.0
5594,2328757.2
5595,40420930.0
5596,122760024.0
5597,7973772.0
5598,13227064.0
5599,2414820.5
5600,2619446.2
5601,49339020.0
5602,21261528.0
5603,1976445.1
5604,8572420.0
5605,112220740.0
5606,51492588.0
5607,30117220.0
5608,42271988.0
5609,15708845.0
5610,21743780.0
5611,36992428.0
5612,515553150.0
5613,45828516.0
5614,13148710.0
5615,28015692.0
5616,8941467.0
5617,201484980.0
5618,22871628.0
5619,49983210.0
5620,400959.44
5621,30016748.0
5622,54120344.0
5623,36471532.0
5624,301886700.0
5625,259658.86
5626,6558382.5
5627,114506136.0
5628,27273956.0
5629,237671460.0
5630,5834286.5
5631,20928624.0
5632,36379268.0
5633,1585971.9
5634,4568326.5
5635,97137850.0
5636,14610646.0
5637,22303276.0
5638,98773550.0
5639,780752.75
5640,628596.75
5641,78833750.0
5642,8187954.0
5643,572982.75
5644,570744770.0
5645,29549576.0
5646,12773954.0
5647,5469740.5
5648,61300070.0
5649,297177.7
5650,61746572.0
5651,21884368.0
5652,291463.94
5653,69969500.0
5654,71141340.0
5655,81241784.0
5656,731348300.0
5657,17117452.0
5658,58714480.0
5659,9956907.0
5660,116494060.0
5661,66865410.0
5662,160426560.0
5663,1140414.5
5664,801338.44
5665,64535936.0
5666,12294014.0
5667,14250511.0
5668,1918572.5
5669,824541.8
5670,443840770.0
5671,33378780.0
5672,20443424.0
5673,70834390.0
5674,3597633.2
5675,699010.4
5676,66910.74
5677,54559176.0
5678,78650376.0
5679,2054934.8
5680,13763995.0
5681,770195100.0
5682,1343948.2
5683,267060700.0
5684,72490400.0
5685,1710725.0
5686,557335.06
5687,45078444.0
5688,5026597.0
5689,11479735.0
5690,7407973.0
5691,74418820.0
5692,471264500.0
5693,5063166.5
5694,23383576.0
5695,803149.4
5696,23418840.0
5697,600260.94
5698,4278077.0
5699,2895511.2
5700,35461252.0
5701,34572070.0
5702,32589524.0
5703,49958332.0
5704,34408464.0
5705,3811952.0
5706,2054923.0
5707,25949548.0
5708,7340355.5
5709,32585916.0
5710,931847.5
5711,3241025.8
5712,169921580.0
5713,4140787.5
5714,42088316.0
5715,2118384.8
5716,236266.69
5717,11428504.0
5718,1935204.8
5719,10680206.0
5720,7803491.0
5721,46687412.0
5722,7456582.0
5723,40505284.0
5724,2819328.8
5725,629767.44
5726,48464240.0
5727,105428260.0
5728,124663960.0
5729,268633700.0
5730,535103.8
5731,1263827.1
5732,3634716.2
5733,2366003.0
5734,61230310.0
5735,2222586.2
5736,68979130.0
5737,38345680.0
5738,71378790.0
5739,49402390.0
5740,10323021.0
5741,93779496.0
5742,32101896.0
5743,17920572.0
5744,63524.004
5745,1683841.4
5746,37966156.0
5747,818607.5
5748,100067180.0
5749,36773644.0
5750,22872544.0
5751,49314840.0
5752,755211.0
5753,214465310.0
5754,16379728.0
5755,55725744.0
5756,13510061.0
5757,6065801.5
5758,57796.77
5759,24604976.0
5760,10646078.0
5761,290997.6
5762,59341244.0
5763,118435830.0
5764,12180904.0
5765,16079622.0
5766,25211780.0
5767,17175044.0
5768,37611184.0
5769,108329970.0
5770,6685618.0
5771,16796428.0
5772,15435892.0
5773,390926080.0
5774,41536844.0
5775,44686624.0
5776,2085608.0
5777,88248030.0
5778,60615264.0
5779,227739580.0
5780,1859863.5
5781,58442196.0
5782,32417608.0
5783,68618390.0
5784,2313355.5
5785,38148424.0
5786,10477228.0
5787,144550940.0
5788,437303.56
5789,19045664.0
5790,68283120.0
5791,61923484.0
5792,903639.3
5793,2871058.2
5794,67770990.0
5795,71038430.0
5796,65411844.0
5797,39836104.0
5798,519348.7
5799,162908770.0
5800,94265.24
5801,6450174.5
5802,2875596.0
5803,571421.0
5804,220141200.0
5805,2401479.5
5806,15941348.0
5807,21400304.0
5808,18641308.0
5809,5497703.5
5810,66889.5
5811,292835.0
5812,47634580.0
5813,71938070.0
5814,5975845.0
5815,3113376.2
5816,19039200.0
5817,1430100.4
5818,19415492.0
5819,12573849.0
5820,14998980.0
5821,1036184.8
5822,45031.4
5823,33301964.0
5824,34572136.0
5825,20085712.0
5826,2127536.0
5827,12316029.0
5828,148862110.0
5829,35761268.0
5830,129551410.0
5831,89475460.0
5832,30884048.0
5833,16914060.0
5834,25496660.0
5835,176605.5
5836,73150560.0
5837,13192923.0
5838,76632.82
5839,63902064.0
5840,2513102.8
5841,59325176.0
5842,14350559.0
5843,17503972.0
5844,20849736.0
5845,1300551.2
5846,4040147.5
5847,60298616.0
5848,35540270.0
5849,218493.81
5850,27316800.0
5851,2475049.2
5852,19233340.0
5853,30423336.0
5854,42116340.0
5855,115979710.0
5856,1378643.0
5857,546309500.0
5858,480716.25
5859,60611216.0
5860,20515960.0
5861,9165999.0
5862,21497632.0
5863,33517092.0
5864,282896670.0
5865,5745960.0
5866,3839260.0
5867,3626254.5
5868,45185876.0
5869,1707655.8
5870,327100.47
5871,28912120.0
5872,261142580.0
5873,5379802.0
5874,2038330.8
5875,33025540.0
5876,17468652.0
5877,538096.5
5878,52334416.0
5879,905679.7
5880,89595860.0
5881,101869704.0
5882,255316640.0
5883,16748792.0
5884,160159650.0
5885,2188610.2
5886,10856964.0
5887,8816688.0
5888,4147011.8
5889,1069109.5
5890,48752204.0
5891,35045576.0
5892,26768220.0
5893,1073515.0
5894,85744940.0
5895,17947696.0
5896,60537276.0
5897,352000.22
5898,45590590.0
5899,1587467.0
5900,11493604.0
5901,87863.71
5902,40121212.0
5903,20444204.0
5904,36486284.0
5905,59380760.0
5906,94707016.0
5907,57347.094
5908,32350900.0
5909,11861074.0
5910,25613644.0
5911,3473656.2
5912,266469970.0
5913,45074144.0
5914,36112896.0
5915,2836827.2
5916,17272284.0
5917,189809060.0
5918,54999360.0
5919,33528220.0
5920,11194660.0
5921,85035976.0
5922,2689973.5
5923,563705.8
5924,8659179.0
5925,427381660.0
5926,56722.93
5927,1449897.5
5928,55583390.0
5929,1153486.6
5930,64552308.0
5931,21398632.0
5932,5766001.5
5933,4335351.0
5934,42568764.0
5935,141672370.0
5936,97452210.0
5937,13552077.0
5938,995577.25
5939,4276869.5
5940,65998350.0
5941,5610233.0
5942,83985500.0
5943,791552.5
5944,35262550.0
5945,11113582.0
5946,2229762.0
5947,528145.4
5948,159388030.0
5949,462901.12
5950,155099170.0
5951,63891584.0
5952,735085.06
5953,106630936.0
5954,7989673.0
5955,16086217.0
5956,38722060.0
5957,35652096.0
5958,50117524.0
5959,5194350.5
5960,1074246.2
5961,3777341.5
5962,8513727.0
5963,15579703.0
5964,33020312.0
5965,46914056.0
5966,29483148.0
5967,226403470.0
5968,36501944.0
5969,58336732.0
5970,5002146.5
5971,1292844.6
5972,25425756.0
5973,44751960.0
5974,858276.3
5975,23074592.0
5976,587245.1
5977,1254062.5
5978,516604400.0
5979,2615719.2
5980,154980880.0
5981,494046.94
5982,92694530.0
5983,3421211.2
5984,20864852.0
5985,47735080.0
5986,1316290.9
5987,7087476.0
5988,47311236.0
5989,237383.77
5990,96856820.0
5991,557582.8
5992,46389604.0
5993,33566996.0
5994,733471.0
5995,21503904.0
5996,11312520.0
5997,16790020.0
5998,238269230.0
5999,266020.16
6000,3501134.0
6001,13502745.0
6002,3022922.0
6003,364613980.0
6004,39554150.0
6005,18751856.0
6006,1672504.0
6007,1412518.9
6008,1907647.5
6009,47146296.0
6010,108792750.0
6011,9809909.0
6012,13764415.0
6013,142885950.0
6014,1037085.44
6015,33598960.0
6016,7571291.0
6017,2184256.5
6018,22292136.0
6019,145952.55
6020,799143.56
6021,5134950.5
6022,1960849.2
6023,1678174.2
6024,324188.06
6025,1450362.1
6026,162218260.0
6027,12597735.0
6028,86786460.0
6029,14276002.0
6030,257562180.0
6031,25235784.0
6032,945269.9
6033,8069780.0
6034,3824948.5
6035,214660530.0
6036,449598.44
6037,1328453.0
6038,37500.133
6039,6637722.5
6040,15461586.0
6041,211794560.0
6042,66840.91
6043,69405260.0
6044,10459418.0
6045,20475460.0
6046,102392.27
6047,6475568.0
6048,1438633.5
6049,983223.3
6050,1149126.5
6051,1397109.4
6052,25370096.0
6053,193414.67
6054,5004117.0
6055,15163862.0
6056,18510636.0
6057,1305204.5
6058,46486064.0
6059,53104144.0
6060,25196252.0
6061,16419923.0
6062,2563691.0
6063,46557492.0
6064,1710188.4
6065,40923696.0
6066,17216368.0
6067,33813556.0
6068,93472.89
6069,114913090.0
6070,188349920.0
6071,19673000.0
6072,23402360.0
6073,29732472.0
6074,105019.18
6075,1070412.4
6076,27479060.0
6077,3474027.2
6078,58639830.0
6079,286981380.0
6080,13989256.0
6081,1515275.8
6082,1572024.8
6083,115115570.0
6084,17932744.0
6085,25970940.0
6086,1263275.2
6087,19551352.0
6088,1017674.5
6089,535138.06
6090,275927300.0
6091,254426.12
6092,4993929.0
6093,42789860.0
6094,37718584.0
6095,9905309.0
6096,4201477.5
6097,5071227.0
6098,21427916.0
6099,18354472.0
6100,21947156.0
6101,171124020.0
6102,60979030.0
6103,48275850.0
6104,166294.66
6105,7321192.5
6106,443971.16
6107,63174.742
6108,3159758.0
6109,2216333.5
6110,85044740.0
6111,29215.889
6112,204892.3
6113,6369485.5
6114,65522852.0
6115,136871140.0
6116,3173852.8
6117,47617320.0
6118,20636996.0
6119,35799964.0
6120,33671970.0
6121,381869.06
6122,67420570.0
6123,781456.7
6124,1054333.8
6125,1693224.6
6126,14705535.0
6127,6875047.0
6128,155083200.0
6129,63809744.0
6130,203502.66
6131,9547379.0
6132,129537.73
6133,10754511.0
6134,16035121.0
6135,30902612.0
6136,624719550.0
6137,32181104.0
6138,6193738.0
6139,1035148350.0
6140,1848218.5
6141,6373064.0
6142,4489988.5
6143,13765702.0
6144,25204760.0
6145,35797640.0
6146,5181901.5
6147,62320536.0
6148,2344950.2
6149,47543268.0
6150,188643650.0
6151,16011466.0
6152,918357900.0
6153,5668872.0
6154,133272.61
6155,80061000.0
6156,2074307.4
6157,10852244.0
6158,61792170.0
6159,16213743.0
6160,3409661.2
6161,12583782.0
6162,3393567.5
6163,1240797.0
6164,6394347.5
6165,16147267.0
6166,28530352.0
6167,15738716.0
6168,5744382.0
6169,33961830.0
6170,11896782.0
6171,20887152.0
6172,1076653.4
6173,9285639.0
6174,21770752.0
6175,9574734.0
6176,10233567.0
6177,61005210.0
6178,6408401.0
6179,222163380.0
6180,10437934.0
6181,26606048.0
6182,206717950.0
6183,6192639.5
6184,482408030.0
6185,22631656.0
6186,1636219.4
6187,1618976.1
6188,18559000.0
6189,88607110.0
6190,14681125.0
6191,903181.8
6192,15584963.0
6193,6807169.5
6194,443357.66
6195,549801.1
6196,4542053.0
6197,1930463.9
6198,110591600.0
6199,667794100.0
6200,323190.06
6201,7004463.5
6202,103728240.0
6203,637058050.0
6204,20171944.0
6205,915281.3
6206,34570292.0
6207,63195420.0
6208,16080419.0
6209,58326.52
6210,310629.22
6211,12958395.0
6212,13493682.0
6213,14805248.0
6214,24142100.0
6215,10031670.0
6216,23532704.0
6217,284524.6
6218,8955104.0
6219,46297148.0
6220,542677.44
6221,23388440.0
6222,2049697.2
6223,10038465.0
6224,7520872.5
6225,20476868.0
6226,4824750.5
6227,7126481.5
6228,113963.086
6229,3165410.0
6230,1169746.6
6231,54539720.0
6232,594578.94
6233,186945120.0
6234,9958901.0
6235,31180468.0
6236,3565495.8
6237,7885859.0
6238,4585030.0
6239,130788070.0
6240,126862590.0
6241,7734498.0
6242,17464056.0
6243,4167704.0
6244,45005590.0
6245,216919.2
6246,2917005.0
6247,364161500.0
6248,16053084.0
6249,4325637.5
6250,23184000.0
6251,64149970.0
6252,4773964.5
6253,5303350.5
6254,142812400.0
6255,2689593.8
6256,3585922.0
6257,98430140.0
6258,2812022.2
6259,1143261.0
6260,571881.06
6261,20055736.0
6262,11335264.0
6263,9043329.0
6264,4409674.5
6265,1004696.56
6266,15162272.0
6267,23485848.0
6268,57712.277
6269,131186060.0
6270,84430240.0
6271,207749580.0
6272,2516897.0
6273,4895287.5
6274,141722370.0
6275,37543596.0
6276,2167742.2
6277,16607045.0
6278,448852.56
6279,7776308.5
6280,27864344.0
6281,2140775.5
6282,345416400.0
6283,11287691.0
6284,119460856.0
6285,59001424.0
6286,4730903.5
6287,6922212.0
6288,199048370.0
6289,215328130.0
6290,101998.04
6291,24752448.0
6292,138974050.0
6293,261805870.0
6294,6252355.5
6295,177957460.0
6296,1670274.0
6297,29306704.0
6298,11447703.0
6299,120162.04
6300,23033872.0
6301,11406683.0
6302,1500613.1
6303,1144220.9
6304,5703953.0
6305,188231760.0
6306,19375908.0
6307,545004.6
6308,1134511.2
6309,110132.484
6310,28445316.0
6311,147607.11
6312,7262653.5
6313,29488656.0
6314,46091236.0
6315,1699231.0
6316,24829808.0
6317,178752800.0
6318,35903424.0
6319,43709196.0
6320,1059201.5
6321,94023610.0
6322,22165364.0
6323,1385576.1
6324,634764.9
6325,42967660.0
6326,379483.16
6327,6706052.0
6328,13696037.0
6329,1677905.4
6330,579649.56
6331,80594790.0
6332,1519152.1
6333,5211121.0
6334,688685.3
6335,18165876.0
6336,13363161.0
6337,49516540.0
6338,637907.2
6339,6332563.0
6340,171860.84
6341,2336017.5
6342,18201704.0
6343,20954588.0
6344,32604508.0
6345,8638996.0
6346,101211416.0
6347,45823096.0
6348,36091344.0
6349,12436939.0
6350,4023882.2
6351,60648340.0
6352,36452480.0
6353,8120354.0
6354,1032632.5
6355,60297.812
6356,14373460.0
6357,85797.39
6358,1870279.4
6359,966842.25
6360,2524447.8
6361,33260068.0
6362,29362208.0
6363,5777313.0
6364,26837644.0
6365,117238790.0
6366,53493700.0
6367,1657141.5
6368,17413528.0
6369,13533402.0
6370,82923970.0
6371,6352100.0
6372,43124390.0
6373,353523.22
6374,4228925.5
6375,32626404.0
6376,1145799.9
6377,415230.38
6378,1464072.9
6379,140822930.0
6380,3163774.2
6381,433106270.0
6382,30889880.0
6383,24372416.0
6384,54715284.0
6385,27666864.0
6386,230531800.0
6387,469933.0
6388,2428416.0
6389,600437.3
6390,101614710.0
6391,20217932.0
6392,26267604.0
6393,113091620.0
6394,349538050.0
6395,211247.78
6396,75076.445
6397,5132801.5
6398,70514376.0
6399,629730.8
6400,14473240.0
6401,6871428.5
6402,27718680.0
6403,1098787.2
6404,12660049.0
6405,12464059.0
6406,3426001.0
6407,9417126.0
6408,9605775.0
6409,69094344.0
6410,5451061.5
6411,142955.48
6412,7767473.5
6413,9480076.0
6414,661585700.0
6415,6527651.0
6416,3735186.0
6417,80200850.0
6418,31167384.0
6419,8483812.0
6420,27411896.0
6421,15263596.0
6422,44858.87
6423,14783689.0
6424,33937676.0
6425,1052398.0
6426,1378518.1
6427,597800.44
6428,2075451.1
6429,6352717.5
6430,46058810.0
6431,79825570.0
6432,85473070.0
6433,15117080.0
6434,1158709.4
6435,12847795.0
6436,37006824.0
6437,2175101.8
6438,13282709.0
6439,7600025.5
6440,25592108.0
6441,11831678.0
6442,2464671.2
6443,1894559.2
6444,400299.22
6445,327799300.0
6446,80228536.0
6447,31835560.0
6448,1076322.9
6449,10758348.0
6450,498634.1
6451,8940717.0
6452,21081428.0
6453,63841884.0
6454,16401862.0
6455,26271512.0
6456,26883804.0
6457,120147520.0
6458,2825422.8
6459,11799878.0
6460,76854820.0
6461,46763344.0
6462,108576340.0
6463,94824.9
6464,34391604.0
6465,1622738.5
6466,22221200.0
6467,1112559.2
6468,513445.44
6469,17916300.0
6470,1091560.8
6471,3119897.2
6472,35503416.0
6473,5931433.0
6474,13884044.0
6475,3063903.8
6476,328804320.0
6477,21753652.0
6478,7130567.5
6479,267646110.0
6480,35819908.0
6481,26855516.0
6482,141611.05
6483,8006782.0
6484,116709350.0
6485,86148536.0
6486,69464.484
6487,50701620.0
6488,18538092.0
6489,2758408.8
6490,454155.22
6491,607449.6
6492,5266055.5
6493,4770028.0
6494,50898412.0
6495,3337592.2
6496,402171600.0
6497,186926940.0
6498,42206650.0
6499,7439173.0
6500,6722771.0
6501,1932716.8
6502,31546988.0
6503,1381497.8
6504,2097418.0
6505,2963351.0
6506,1038939.56
6507,1251172.9
6508,60349356.0
6509,2791171.5
6510,1378436.6
6511,3273009.2
6512,9408293.0
6513,19314544.0
6514,715228.06
6515,185243870.0
6516,38654690.0
6517,1465659.9
6518,16191153.0
6519,35833028.0
6520,9351116.0
6521,251234660.0
6522,27333428.0
6523,82051410.0
6524,10694026.0
6525,34246548.0
6526,50945130.0
6527,419843.8
6528,685405.25
6529,6212390.5
6530,48199116.0
6531,1716380.9
6532,31532312.0
6533,411385.72
6534,229654510.0
6535,449075.22
6536,37924540.0
6537,68395090.0
6538,7958813.0
6539,137140560.0
6540,126644280.0
6541,19539460.0
6542,15108835.0
6543,161736.14
6544,5599542.5
6545,2809615.2
6546,315301630.0
6547,1128623.4
6548,22522924.0
6549,75594344.0
6550,28898832.0
6551,51347144.0
6552,7580343.5
6553,24670.742
6554,15153540.0
6555,85925360.0
6556,18664360.0
6557,8669831.0
6558,47019764.0
6559,26852392.0
6560,340779330.0
6561,53760.918
6562,116908980.0
6563,2088099.6
6564,6279688.5
6565,612702.2
6566,17660180.0
6567,43589144.0
6568,23270920.0
6569,372043.53
6570,29966808.0
6571,7029772.5
6572,39206.71
6573,26561024.0
6574,19971032.0
6575,588127.3
6576,17728420.0
6577,6305336.5
6578,55824892.0
6579,5544221.0
6580,165171.03
6581,34838504.0
6582,63401.14
6583,309368.03
6584,2793240.8
6585,38184748.0
6586,22711004.0
6587,16329163.0
6588,11892630.0
6589,27260068.0
6590,117052440.0
6591,4392998.0
6592,134604270.0
6593,47741636.0
6594,59517396.0
6595,145066.64
6596,99088680.0
6597,864778.56
6598,16417888.0
6599,12405287.0
6600,34882656.0
6601,19682724.0
6602,472952900.0
6603,46594628.0
6604,7603940.0
6605,106896070.0
6606,760837.4
6607,46178616.0
6608,49513.812
6609,1760357.8
6610,5409471.5
6611,7223660.0
6612,759707700.0
6613,22612672.0
6614,230916880.0
6615,3103975.2
6616,172520110.0
6617,54856250.0
6618,28925576.0
6619,3452045.0
6620,2921356.5
6621,12796144.0
6622,79035650.0
6623,213683400.0
6624,154971140.0
6625,76100390.0
6626,45671012.0
6627,87251360.0
6628,1201335.5
6629,1666418.9
6630,1701136.1
6631,779321.5
6632,563164.7
6633,1343086.0
6634,12146590.0
6635,1069570.5
6636,90417310.0
6637,29603564.0
6638,181142.05
6639,3362063.2
6640,12492619.0
6641,160534910.0
6642,227899940.0
6643,390260.3
6644,345842.38
6645,60739908.0
6646,2100058.0
6647,3062107.2
6648,20153444.0
6649,5363419.0
6650,11631837.0
6651,10675521.0
6652,594981.06
6653,25995172.0
6654,68714790.0
6655,9334454.0
6656,11929184.0
6657,100509630.0
6658,187716.69
6659,735406.94
6660,353102.03
6661,1312840.8
6662,22457120.0
6663,314807070.0
6664,1632925.5
6665,234970.16
6666,7969469.0
6667,106507760.0
6668,6821063.5
6669,19827336.0
6670,3784264.2
6671,21285628.0
6672,7237465.0
6673,57669624.0
6674,248355060.0
6675,31278392.0
6676,3768030.0
6677,357982.22
6678,2240748.8
6679,415203100.0
6680,19157076.0
6681,664396860.0
6682,37121136.0
6683,149356130.0
6684,104237.69
6685,10504582.0
6686,28316912.0
6687,72589330.0
6688,11335739.0
6689,2795439.2
6690,424917220.0
6691,2158978.0
6692,526653900.0
6693,41291340.0
6694,50414830.0
6695,32897036.0
6696,117729540.0
6697,5353449.0
6698,8326300.0
6699,120855880.0
6700,129077100.0
6701,34428816.0
6702,38473376.0
6703,3059471.2
6704,716731.6
6705,28040872.0
6706,36054812.0
6707,15742979.0
6708,9604804.0
6709,470675.3
6710,63971212.0
6711,40778456.0
6712,87671910.0
6713,1401564.0
6714,97955.336
6715,1395880.1
6716,21348040.0
6717,257978110.0
6718,5517110.5
6719,13994486.0
6720,487585.66
6721,47120584.0
6722,10021305.0
6723,112156536.0
6724,2765088.2
6725,17112916.0
6726,74768530.0
6727,3861586.0
6728,1705071.6
6729,3798231.2
6730,1111084.4
6731,85325.586
6732,4284654.5
6733,81840400.0
6734,1578650.2
6735,65564984.0
6736,1695713.2
6737,591444.1
6738,536441.5
6739,27063412.0
6740,193542.73
6741,411023.0
6742,42868444.0
6743,54458744.0
6744,2542168.8
6745,273167.53
6746,102363460.0
6747,14208633.0
6748,183890.95
6749,1646657.4
6750,153777.69
6751,8700311.0
6752,61758350.0
6753,2498022.8
6754,57296520.0
6755,1415457.2
6756,160079940.0
6757,951660.3
6758,1859858.1
6759,62107536.0
6760,24537584.0
6761,17176552.0
6762,415314.3
6763,17551712.0
6764,1243703.0
6765,70141870.0
6766,145911.9
6767,19273368.0
6768,148053970.0
6769,6692597.0
6770,11040564.0
6771,14376449.0
6772,1648278.9
6773,38482180.0
6774,168592500.0
6775,225770000.0
6776,2106742.0
6777,24631740.0
6778,51719668.0
6779,19852768.0
6780,55027376.0
6781,4623556.0
6782,94777860.0
6783,11236524.0
6784,2170141.5
6785,19897424.0
6786,138130.23
6787,1189154.9
6788,3460968.5
6789,288765.25
6790,2798744.2
6791,61282652.0
6792,285533950.0
6793,51550276.0
6794,3668499.2
6795,3623250.5
6796,609334900.0
6797,19888088.0
6798,8020179.0
6799,456104.06
6800,31445524.0
6801,79487820.0
6802,30393408.0
6803,151789180.0
6804,189730.84
6805,37940964.0
6806,6677200.5
6807,46303150.0
6808,9141713.0
6809,7354573.0
6810,3069390.2
6811,16351011.0
6812,1391483.4
6813,108965330.0
6814,466351.12
6815,1383230.0
6816,25984368.0
6817,42899.566
6818,116131.83
6819,32157420.0
6820,24669212.0
6821,2702782.0
6822,12916125.0
6823,2347154.0
6824,151685570.0
6825,25982780.0
6826,15499025.0
6827,13431107.0
6828,84999.09
6829,2201967.2
6830,38982016.0
6831,23164460.0
6832,3768896.0
6833,11095832.0
6834,1297462.9
6835,57751300.0
6836,1820208.4
6837,102925930.0
6838,1787644.6
6839,1371557.5
6840,19240308.0
6841,1926403.1
6842,25450260.0
6843,6363984.5
6844,59933420.0
6845,5382968.5
6846,42744830.0
6847,1522663.6
6848,3966937.8
6849,5488907.5
6850,51388000.0
6851,103234800.0
6852,9550147.0
6853,4437340.0
6854,1537990.5
6855,5182860.5
6856,117973.7
6857,10166002.0
6858,2744836.8
6859,22777292.0
6860,24284668.0
6861,11406923.0
6862,37188812.0
6863,202521800.0
6864,2046595.4
6865,3003069.8
6866,122806390.0
6867,30474212.0
6868,877330100.0
6869,37038670.0
6870,3087171.5
6871,29703108.0
6872,822931.4
6873,16170506.0
6874,11042965.0
6875,10197384.0
6876,17844920.0
6877,28280536.0
6878,684652.7
6879,672681.2
6880,214405.9
6881,1258701.9
6882,57584440.0
6883,37998756.0
6884,67568740.0
6885,3978159.5
6886,536975.9
6887,19294920.0
6888,69828984.0
6889,2519529.2
6890,13618853.0
6891,24295184.0
6892,110107930.0
6893,148876880.0
6894,9056431.0
6895,20125596.0
6896,1021569.9
6897,818589.56
6898,1707289.4
6899,640018.6
6900,39581244.0
6901,22344580.0
6902,232095.38
6903,18567216.0
6904,77781080.0
6905,27744440.0
6906,123508750.0
6907,9529477.0
6908,18393756.0
6909,1578170.0
6910,1772545.9
6911,6272799.0
6912,5822958.0
6913,293863170.0
6914,111263144.0
6915,2985183.2
6916,2250894.5
6917,580115400.0
6918,45384536.0
6919,2765905.8
6920,94578490.0
6921,335644500.0
6922,9196066.0
6923,26670116.0
6924,11172966.0
6925,900810.2
6926,4517843.0
6927,156342.72
6928,29751304.0
6929,34425140.0
6930,122290290.0
6931,3650647.8
6932,4049181.2
6933,6436465.5
6934,87029630.0
6935,923063.6
6936,7196431.0
6937,153108110.0
6938,2076969.9
6939,13705968.0
6940,7697903.0
6941,82562870.0
6942,11003690.0
6943,6702318.0
6944,168073330.0
6945,3165696.8
6946,41591784.0
6947,454593.28
6948,2125935.8
6949,36268140.0
6950,424235360.0
6951,267922.03
6952,4217068.5
6953,16059086.0
6954,14073800.0
6955,40150690.0
6956,15238463.0
6957,38252980.0
6958,268725.28
6959,316884.56
6960,24237332.0
6961,6851510.0
6962,153314720.0
6963,5490153.5
6964,14327777.0
6965,601978.5
6966,55578196.0
6967,101912850.0
6968,144457.67
6969,125231.164
6970,8083876.0
6971,106733900.0
6972,74490.91
6973,16520575.0
6974,31179992.0
6975,65538104.0
6976,4024120.0
6977,1559597.9
6978,2106543.0
6979,78486580.0
6980,13751006.0
6981,2167829.0
6982,26605440.0
6983,7303278.0
6984,52352290.0
6985,179337800.0
6986,28829024.0
6987,468205.84
6988,27605980.0
6989,1457216.8
6990,230976340.0
6991,1420743.8
6992,3436806.8
6993,510212.62
6994,93692.98
6995,59190900.0
6996,67093316.0
6997,290529.25
6998,11469777.0
6999,52227716.0
7000,476740.16
7001,8447578.0
7002,6618241.5
7003,3686167.5
7004,5740756.5
7005,5953807.5
7006,637710.7
7007,43883364.0
7008,37521976.0
7009,21303584.0
7010,3872158.8
7011,7748836.0
7012,3764082.8
7013,1563996.1
7014,103860.61
7015,186099120.0
7016,171924560.0
7017,12298681.0
7018,16020813.0
7019,84575464.0
7020,43046244.0
7021,5620976.0
7022,17131920.0
7023,73080410.0
7024,2005700.0
7025,5675915.0
7026,175171070.0
7027,73346150.0
7028,947248.9
7029,14618674.0
7030,20483624.0
7031,34444252.0
7032,5995882.0
7033,2832461.5
7034,10467081.0
7035,6482315.0
7036,2539488.8
7037,19500816.0
7038,1018324.0
7039,37400436.0
7040,3184722.5
7041,43586484.0
7042,34471000.0
7043,829866.75
7044,30270180.0
7045,9413032.0
7046,91116380.0
7047,216868830.0
7048,4125135.8
7049,19816296.0
7050,229778.7
7051,9177178.0
7052,47743548.0
7053,701693.3
7054,43154264.0
7055,65528104.0
7056,247658750.0
7057,1005120.1
7058,6944673.5
7059,11271684.0
7060,971367.2
7061,4292548.0
7062,23201340.0
7063,939944.56
7064,94914800.0
7065,33592680.0
7066,2420363.2
7067,2575367.5
7068,32426512.0
7069,3597540.8
7070,121700890.0
7071,181615550.0
7072,128459.44
7073,5488583.0
7074,2625343.2
7075,19649040.0
7076,63598932.0
7077,18070188.0
7078,22264684.0
7079,1104454.1
7080,2206497.5
7081,3208090.8
7082,6764032.5
7083,228175.64
7084,8253786.5
7085,4448585.0
7086,309369.8
7087,81746950.0
7088,41478812.0
7089,364317.3
7090,253898.2
7091,18892908.0
7092,164551730.0
7093,21783008.0
7094,55263404.0
7095,10673974.0
7096,1627612.9
7097,81506720.0
7098,37233316.0
7099,68420530.0
7100,1144128.1
7101,2145286.2
7102,379646.4
7103,6363626.0
7104,7374976.5
7105,21919460.0
7106,11609230.0
7107,37968400.0
7108,13864726.0
7109,23577904.0
7110,1837652.0
7111,4005435.5
7112,26039240.0
7113,119165700.0
7114,2744342.0
7115,41838670.0
7116,43476304.0
7117,57213.15
7118,35090724.0
7119,36699930.0
7120,210241.86
7121,6384306.0
7122,399717.44
7123,281837.47
7124,475819360.0
7125,13828412.0
7126,277458300.0
7127,46777972.0
7128,479727.94
7129,10603238.0
7130,2187352.0
7131,9758328.0
7132,86158890.0
7133,74330860.0
7134,65493116.0
7135,60318748.0
7136,19305708.0
7137,11962678.0
7138,5585568.5
7139,74694.93
7140,155919300.0
7141,371605.97
7142,10098670.0
7143,29524228.0
7144,209176.89
7145,10884416.0
7146,1709019.4
7147,35582800.0
7148,4143386.8
7149,35221080.0
7150,837670.25
7151,8805630.0
7152,26627168.0
7153,22389760.0
7154,30404076.0
7155,184655120.0
7156,10701739.0
7157,73180000.0
7158,1123550.1
7159,146765.88
7160,1087971.1
7161,35359810.0
7162,399947840.0
7163,1369900.0
7164,1065237.0
7165,28280588.0
7166,2369161.8
7167,108490.6
7168,1064367.8
7169,10566292.0
7170,23692180.0
7171,668915.8
7172,14228973.0
7173,31615416.0
7174,3082314.5
7175,939852.25
7176,8581631.0
7177,50358324.0
7178,32179080.0
7179,49472264.0
7180,120182.32
7181,19363752.0
7182,65081064.0
7183,1803497.8
7184,754512000.0
7185,20258656.0
7186,19053076.0
7187,16824708.0
7188,42815412.0
7189,7524330.5
7190,11752350.0
7191,36313.152
7192,17014040.0
7193,15746073.0
7194,198183120.0
7195,12761485.0
7196,1092868.0
7197,5821931.0
7198,21185100.0
7199,57478548.0
7200,54980692.0
7201,7395500.0
7202,65369812.0
7203,252196.86
7204,34315004.0
7205,194781140.0
7206,20400808.0
7207,410993250.0
7208,11940566.0
7209,4442120.0
7210,303383.44
7211,215686.88
7212,8719831.0
7213,14784986.0
7214,123352430.0
7215,59716956.0
7216,68957690.0
7217,360296.84
7218,13396414.0
7219,12173982.0
7220,53115084.0
7221,11971762.0
7222,44912210.0
7223,3842835.2
7224,9884436.0
7225,29840.395
7226,47658028.0
7227,66289270.0
7228,1336626.8
7229,7249581.5
7230,212298.8
7231,15007479.0
7232,376086900.0
7233,120492680.0
7234,136733380.0
7235,25267720.0
7236,67041508.0
7237,8183676.0
7238,2821338.0
7239,610055900.0
7240,71925040.0
7241,138121300.0
7242,119108660.0
7243,8097572.0
7244,13972189.0
7245,226060.16
7246,167848.94
7247,44926516.0
7248,32385904.0
7249,1487832.4
7250,421922.2
7251,76827416.0
7252,27480844.0
7253,22169000.0
7254,49828240.0
7255,2261726.5
7256,41486724.0
7257,1540334.6
7258,53132612.0
7259,2318638.8
7260,859400.9
7261,450847420.0
7262,69759.18
7263,56183376.0
7264,8661393.0
7265,566238.7
7266,40559708.0
7267,1087030.4
7268,9292868.0
7269,79213730.0
7270,167321020.0
7271,359780.44
7272,6445943.5
7273,4123480.0
7274,1278362.6
7275,2750756.5
7276,9035502.0
7277,209752720.0
7278,143255710.0
7279,120493370.0
7280,80298040.0
7281,20468044.0
7282,92170216.0
7283,81984136.0
7284,252687.02
7285,56251252.0
7286,122544330.0
7287,6190691.0
7288,18292992.0
7289,108881600.0
7290,4588831.0
7291,21090356.0
7292,1312285.0
7293,4420955.0
7294,4307960.0
7295,25888444.0
7296,78653.75
7297,14711904.0
7298,2135590.0
7299,11293204.0
7300,344883.25
7301,23705968.0
7302,1689793.5
7303,195777.3
7304,13084963.0
7305,7984539.5
7306,505766620.0
7307,394148.75
7308,1739024.5
7309,7555854.5
7310,20540356.0
7311,34272360.0
7312,103999050.0
7313,174575040.0
7314,6972366.5
7315,4815612.0
7316,13242690.0
7317,1005090.44
7318,49433970.0
7319,1108475.5
7320,79099896.0
7321,504773.2
7322,454563.8
7323,48030804.0
7324,1549970.4
7325,177835300.0
7326,184091040.0
7327,10994417.0
7328,10344071.0
7329,50063736.0
7330,212174620.0
7331,74634024.0
7332,27488548.0
7333,78485384.0
7334,10133014.0
7335,29237252.0
7336,462729.0
7337,12971452.0
7338,22458320.0
7339,47999760.0
7340,1133800.6
7341,69550.73
7342,88167610.0
7343,3196708.5
7344,3034591.2
7345,20501724.0
7346,1759298.8
7347,7672756.5
7348,601364.5
7349,41014652.0
7350,7573110.5
7351,12478474.0
7352,76072.5
7353,11053797.0
7354,24756.559
7355,16206570.0
7356,29554200.0
7357,4629804.0
7358,6403068.0
7359,91077810.0
7360,22102124.0
7361,515822.34
7362,122740350.0
7363,496390240.0
7364,757824.9
7365,37221950.0
7366,18150360.0
7367,6394506.0
7368,24618824.0
7369,7072844.0
7370,32395232.0
7371,591782.1
7372,44141420.0
7373,272167040.0
7374,14416072.0
7375,40986420.0
7376,198339.31
7377,6828743.5
7378,6503058.0
7379,48615056.0
7380,45802212.0
7381,17533176.0
7382,2397017.8
7383,78490.48
7384,12539457.0
7385,33747580.0
7386,15653871.0
7387,11624829.0
7388,2661874.0
7389,559432.1
7390,1181534.6
7391,1475634.6
7392,1792525.4
7393,486026560.0
7394,54680336.0
7395,22090872.0
7396,32689504.0
7397,1291257.5
7398,1452211.2
